Date,Event,Who
1879,Born Josef Pyrć (family date; disputed),Joseph
1883,Birth year in citizenship papers (disputed),Sophie
1893,Death certificate birth year (disputed),Sophie
1905,Possible arrival: Josef Pyrc manifest,Joseph
1910,Married in Muszyna (March 12 per petition),Both
1911,Stanley born in Poland (November 5 per petition),Both
1911,Arrival stated in petition,Joseph
1912,Continuous U.S. residence since May per petition,Sophie
1913,Possible manifest match: Zofia Goscinska age 18,Sophie
1914,Bernice born in Chicago (August 1 per petition),Both
1919,Charles born in Chicago (May 4 per petition),Both
1920,Taddeus born in Chicago (February 19 per petition),Both
1923,Stella born in Chicago (June 16 per petition),Both
1930,Census household recorded as Puirch,Both
1933,Citizenship statement as Sophia Pyrch,Sophie
1938,Naturalized (March 22),Sophie
1938,Name recorded as Sophie Pyrce,Sophie
1940,Died auto accident,Joseph
1964,Died heart condition,Sophie
